No,Periode,Desa,File
1.,KKN.KKN-T.2022,BUAHAN (KINTAMANI) - BANGLI,proposal_201_43_1.pdf
1.,KKN.KKN-T.2022,BUAHAN (KINTAMANI) - BANGLI,proposal_201_43_2.pdf
1.,KKN.KKN-T.2022,BUAHAN (KINTAMANI) - BANGLI,proposal_201_43_3.pdf
1.,KKN.KKN-T.2022,BUAHAN (KINTAMANI) - BANGLI,proposal_201_43_4.pdf
1.,KKN.KKN-T.2022,BUAHAN (KINTAMANI) - BANGLI,proposal_201_43_5.pdf
1.,KKN.KKN-T.2022,BUAHAN (KINTAMANI) - BANGLI,proposal_201_43_6.pdf
2.,KKN.KKN-T.2022,KEDISAN - BANGLI,proposal_508_43_1.pdf
2.,KKN.KKN-T.2022,KEDISAN - BANGLI,proposal_508_43_2.pdf
2.,KKN.KKN-T.2022,KEDISAN - BANGLI,proposal_508_43_3.pdf
2.,KKN.KKN-T.2022,KEDISAN - BANGLI,proposal_508_43_4.pdf
2.,KKN.KKN-T.2022,KEDISAN - BANGLI,proposal_508_43_5.pdf
2.,KKN.KKN-T.2022,KEDISAN - BANGLI,proposal_508_43_6.pdf
3.,KKN.KKN-T.2022,BATUR  - BANGLI,proposal_547_43_1.pdf
3.,KKN.KKN-T.2022,BATUR  - BANGLI,proposal_547_43_2.pdf
3.,KKN.KKN-T.2022,BATUR  - BANGLI,proposal_547_43_3.pdf
3.,KKN.KKN-T.2022,BATUR  - BANGLI,proposal_547_43_4.pdf
3.,KKN.KKN-T.2022,BATUR  - BANGLI,proposal_547_43_5.pdf
3.,KKN.KKN-T.2022,BATUR  - BANGLI,proposal_547_43_6.pdf
